Section,ISARP
ORG,ORG 1.1.1
ORG,ORG 1.1.2
ORG,ORG 1.1.3
ORG,ORG 1.1.4
ORG,ORG 1.2.1
ORG,ORG 1.2.2
ORG,ORG 1.2.3
ORG,ORG 1.3.1
ORG,ORG 1.3.2
ORG,ORG 1.3.3
ORG,ORG 1.4.1
ORG,ORG 1.4.2
ORG,ORG 1.5.1
ORG,ORG 1.5.2
ORG,ORG 1.5.3
ORG,ORG 1.5.4
ORG,ORG 1.5.5
ORG,ORG 1.5.6
ORG,ORG 1.5.7
ORG,ORG 1.6.1
ORG,ORG 1.6.2
ORG,ORG 1.7.1
ORG,ORG 1.7.2
ORG,ORG 1.7.3
ORG,ORG 1.7.4
ORG,ORG 1.7.5
ORG,ORG 1.7.6
ORG,ORG 1.7.7
ORG,ORG 1.7.8
ORG,ORG 1.7.9
ORG,ORG 1.7.10
ORG,ORG 1.7.11
ORG,ORG 1.7.12
ORG,ORG 2.1.1
ORG,ORG 2.1.2
ORG,ORG 2.1.4
ORG,ORG 2.1.5
ORG,ORG 2.1.6
ORG,ORG 2.1.7
ORG,ORG 2.1.8
ORG,ORG 2.1.9
ORG,ORG 2.2.1
ORG,ORG 2.2.2
ORG,ORG 2.2.3
ORG,ORG 2.2.4
ORG,ORG 2.3.1
ORG,ORG 2.4.1
ORG,ORG 2.4.2
ORG,ORG 2.4.3
ORG,ORG 2.4.4
ORG,ORG 2.5.1
ORG,ORG 2.5.3
ORG,ORG 2.5.4
ORG,ORG 2.6.1
ORG,ORG 2.6.2
ORG,ORG 3.1.1
ORG,ORG 3.1.2
ORG,ORG 3.1.3
ORG,ORG 3.1.4
ORG,ORG 3.1.5
ORG,ORG 3.2.1
ORG,ORG 3.2.2
ORG,ORG 3.3.1
ORG,ORG 3.3.2
ORG,ORG 3.3.3
ORG,ORG 3.3.4
ORG,ORG 3.3.5
ORG,ORG 3.4.1
ORG,ORG 3.5.1
ORG,ORG 3.5.2
ORG,ORG 3.6.1
ORG,ORG 4.1.1
ORG,ORG 4.1.2
ORG,ORG 4.1.3
ORG,ORG 4.2.1
ORG,ORG 4.3.1
ORG,ORG 4.3.2
FLT,FLT 1.1.1
FLT,FLT 1.1.2
FLT,FLT 1.2.1
FLT,FLT 1.3.1
FLT,FLT 1.3.2
FLT,FLT 1.3.3
FLT,FLT 1.3.4
FLT,FLT 1.3.6
FLT,FLT 1.3.7
FLT,FLT 1.3.8
FLT,FLT 1.3.9
FLT,FLT 1.3.10
FLT,FLT 1.4.1
FLT,FLT 1.4.2
FLT,FLT 1.4.3
FLT,FLT 1.5.1
FLT,FLT 1.5.2
FLT,FLT 1.5.3
FLT,FLT 1.5.4
FLT,FLT 1.5.5
FLT,FLT 1.6.1
FLT,FLT 1.6.3
FLT,FLT 1.6.6
FLT,FLT 1.7.1
FLT,FLT 1.7.2
FLT,FLT 1.7.4
FLT,FLT 1.8.1
FLT,FLT 1.8.2
FLT,FLT 1.8.3
FLT,FLT 1.10.1
FLT,FLT 1.10.2
FLT,FLT 1.10.3
FLT,FLT 1.10.4
FLT,FLT 1.11.1A
FLT,FLT 1.11.1B
FLT,FLT 1.11.2
FLT,FLT 1.11.3
FLT,FLT 1.11.5
FLT,FLT 1.12.1
FLT,FLT 1.12.2
FLT,FLT 1.12.3
FLT,FLT 1.12.4
FLT,FLT 1.12.5
FLT,FLT 2.1.1A
FLT,FLT 2.1.1B
FLT,FLT 2.1.2
FLT,FLT 2.1.3
FLT,FLT 2.1.4
FLT,FLT 2.1.10
FLT,FLT 2.1.12
FLT,FLT 2.1.14
FLT,FLT 2.1.19
FLT,FLT 2.1.20
FLT,FLT 2.1.21
FLT,FLT 2.1.27
FLT,FLT 2.1.28
FLT,FLT 2.1.35
FLT,FLT 2.1.36
FLT,FLT 2.1.45
FLT,FLT 2.1.46
FLT,FLT 2.1.47
FLT,FLT 2.2.7
FLT,FLT 2.2.8
FLT,FLT 2.2.9
FLT,FLT 2.2.10
FLT,FLT 2.2.11
FLT,FLT 2.2.12
FLT,FLT 2.2.13
FLT,FLT 2.2.14
FLT,FLT 2.2.15
FLT,FLT 2.2.16A
FLT,FLT 2.2.16B
FLT,FLT 2.2.17
FLT,FLT 2.2.19
FLT,FLT 2.2.20
FLT,FLT 2.2.22
FLT,FLT 2.2.24
FLT,FLT 2.2.25
FLT,FLT 2.2.26
FLT,FLT 2.2.27
FLT,FLT 2.2.28
FLT,FLT 2.2.29
FLT,FLT 2.2.30
FLT,FLT 2.2.31
FLT,FLT 2.2.32
FLT,FLT 2.2.33
FLT,FLT 2.2.34
FLT,FLT 2.2.35
FLT,FLT 2.2.37
FLT,FLT 2.2.38
FLT,FLT 2.2.39
FLT,FLT 2.2.40
FLT,FLT 2.2.41
FLT,FLT 2.2.42
FLT,FLT 2.2.43
FLT,FLT 2.2.44
FLT,FLT 2.3.1
FLT,FLT 2.3.2
FLT,FLT 2.3.3
FLT,FLT 2.3.4
FLT,FLT 2.3.6
FLT,FLT 2.4.1
FLT,FLT 2.4.2
FLT,FLT 2.4.3
FLT,FLT 2.5.1
FLT,FLT 2.5.2
FLT,FLT 3.1.1
FLT,FLT 3.1.2
FLT,FLT 3.2.1
FLT,FLT 3.3.1
FLT,FLT 3.3.2
FLT,FLT 3.3.3
FLT,FLT 3.3.4
FLT,FLT 3.3.5
FLT,FLT 3.3.7
FLT,FLT 3.3.9
FLT,FLT 3.3.10
FLT,FLT 3.4.1
FLT,FLT 3.4.2
FLT,FLT 3.4.3A
FLT,FLT 3.4.3B
FLT,FLT 3.4.3C
FLT,FLT 3.4.4
FLT,FLT 3.4.6
FLT,FLT 3.5.1
FLT,FLT 3.5.2
FLT,FLT 3.5.3
FLT,FLT 3.6.2
FLT,FLT 3.6.3
FLT,FLT 3.6.4
FLT,FLT 3.6.5
FLT,FLT 3.7.1
FLT,FLT 3.7.2
FLT,FLT 3.7.3
FLT,FLT 3.7.5
FLT,FLT 3.7.6
FLT,FLT 3.7.7
FLT,FLT 3.7.8
FLT,FLT 3.7.9
FLT,FLT 3.7.10
FLT,FLT 3.8.1
FLT,FLT 3.8.2
FLT,FLT 3.8.3
FLT,FLT 3.8.6A
FLT,FLT 3.8.6B
FLT,FLT 3.8.7A
FLT,FLT 3.8.7B
FLT,FLT 3.8.8
FLT,FLT 3.8.9
FLT,FLT 3.8.10
FLT,FLT 3.9.1
FLT,FLT 3.9.2
FLT,FLT 3.9.3
FLT,FLT 3.9.4
FLT,FLT 3.9.6
FLT,FLT 3.9.7
FLT,FLT 3.9.8
FLT,FLT 3.9.9
FLT,FLT 3.10.1
FLT,FLT 3.10.2
FLT,FLT 3.10.4
FLT,FLT 3.10.5
FLT,FLT 3.10.6
FLT,FLT 3.10.7
FLT,FLT 3.10.8
FLT,FLT 3.11.1
FLT,FLT 3.11.2
FLT,FLT 3.11.3
FLT,FLT 3.11.4
FLT,FLT 3.11.5
FLT,FLT 3.11.7
FLT,FLT 3.11.8A
FLT,FLT 3.11.8B
FLT,FLT 3.11.8C
FLT,FLT 3.11.9
FLT,FLT 3.11.10
FLT,FLT 3.11.11
FLT,FLT 3.11.16
FLT,FLT 3.11.17
FLT,FLT 3.11.18
FLT,FLT 3.11.20
FLT,FLT 3.11.21
FLT,FLT 3.11.22
FLT,FLT 3.11.23
FLT,FLT 3.11.28
FLT,FLT 3.11.29
FLT,FLT 3.11.30
FLT,FLT 3.11.31
FLT,FLT 3.11.32
FLT,FLT 3.11.38
FLT,FLT 3.11.39
FLT,FLT 3.11.40
FLT,FLT 3.11.46
FLT,FLT 3.11.47
FLT,FLT 3.11.48
FLT,FLT 3.11.49
FLT,FLT 3.11.50A
FLT,FLT 3.11.50B
FLT,FLT 3.11.50C
FLT,FLT 3.11.51
FLT,FLT 3.11.52
FLT,FLT 3.11.58
FLT,FLT 3.11.59
FLT,FLT 3.11.60
FLT,FLT 3.11.61
FLT,FLT 3.11.62
FLT,FLT 3.11.63
FLT,FLT 3.11.64
FLT,FLT 3.11.65
FLT,FLT 3.11.66
FLT,FLT 3.11.67
FLT,FLT 3.11.68A
FLT,FLT 3.11.68B
FLT,FLT 3.11.69
FLT,FLT 3.12.1
FLT,FLT 3.12.2
FLT,FLT 3.12.3
FLT,FLT 3.12.4
FLT,FLT 3.12.5
FLT,FLT 3.12.6
FLT,FLT 3.12.7
FLT,FLT 3.13.2
FLT,FLT 3.13.3
FLT,FLT 3.13.4
FLT,FLT 3.13.5
FLT,FLT 3.13.6
FLT,FLT 3.13.8
FLT,FLT 3.13.9
FLT,FLT 3.13.11
FLT,FLT 3.13.12
FLT,FLT 3.13.13
FLT,FLT 3.13.14
FLT,FLT 3.13.16
FLT,FLT 3.13.17
FLT,FLT 3.13.18
FLT,FLT 3.13.19
FLT,FLT 3.14.2
FLT,FLT 3.14.3
FLT,FLT 3.14.4
FLT,FLT 3.14.5
FLT,FLT 3.14.6
FLT,FLT 3.14.7
FLT,FLT 3.14.8
FLT,FLT 3.14.9
FLT,FLT 3.14.10
FLT,FLT 3.14.11
FLT,FLT 3.14.12
FLT,FLT 3.14.13
FLT,FLT 3.14.14
FLT,FLT 3.14.15
FLT,FLT 3.14.16
FLT,FLT 3.14.17
FLT,FLT 3.15.2
FLT,FLT 3.15.3
FLT,FLT 3.15.4
FLT,FLT 3.15.5
FLT,FLT 4.1.1
FLT,FLT 4.1.2
FLT,FLT 4.1.3
FLT,FLT 4.1.4
FLT,FLT 4.2.2
FLT,FLT 4.2.3
FLT,FLT 4.2.4
FLT,FLT 4.2.5
FLT,FLT 4.2.6
FLT,FLT 4.2.7
FLT,FLT 4.3.1
FLT,FLT 4.3.5
DSP,DSP 1.1.1
DSP,DSP 1.3.1A
DSP,DSP 1.3.1B
DSP,DSP 1.3.2A
DSP,DSP 1.3.2B
DSP,DSP 1.3.3
DSP,DSP 1.3.4
DSP,DSP 1.3.5
DSP,DSP 1.3.6
DSP,DSP 1.3.7
DSP,DSP 1.4.1
DSP,DSP 1.4.2
DSP,DSP 1.5.1
DSP,DSP 1.5.2
DSP,DSP 1.5.3
DSP,DSP 1.5.4
DSP,DSP 1.5.6
DSP,DSP 1.5.7
DSP,DSP 1.6.3
DSP,DSP 1.6.4
DSP,DSP 1.7.1
DSP,DSP 1.7.2
DSP,DSP 1.7.4
DSP,DSP 1.8.1
DSP,DSP 1.8.2
DSP,DSP 1.8.3
DSP,DSP 1.8.4
DSP,DSP 1.8.6
DSP,DSP 1.8.8
DSP,DSP 1.8.9
DSP,DSP 1.10.1
DSP,DSP 1.10.2
DSP,DSP 1.10.3
DSP,DSP 1.10.4
DSP,DSP 1.11.1A
DSP,DSP 1.11.1B
DSP,DSP 1.11.2
DSP,DSP 1.11.3
DSP,DSP 1.11.4
DSP,DSP 1.11.5
DSP,DSP 1.12.1
DSP,DSP 1.12.2
DSP,DSP 1.12.3
DSP,DSP 1.12.4
DSP,DSP 1.12.5
DSP,DSP 2.1.1
DSP,DSP 2.1.2
DSP,DSP 2.1.3
DSP,DSP 2.1.7
DSP,DSP 2.2.2
DSP,DSP 2.2.3
DSP,DSP 2.2.4
DSP,DSP 2.3.1
DSP,DSP 2.3.3
DSP,DSP 2.3.4
DSP,DSP 2.4.1
DSP,DSP 2.5.1
DSP,DSP 2.5.2
DSP,DSP 3.1.2
DSP,DSP 3.2.2
DSP,DSP 3.2.3
DSP,DSP 3.2.4
DSP,DSP 3.2.5
DSP,DSP 3.2.6
DSP,DSP 3.2.7
DSP,DSP 3.2.8A
DSP,DSP 3.2.8B
DSP,DSP 3.2.9A
DSP,DSP 3.2.9B
DSP,DSP 3.2.9C
DSP,DSP 3.3.1
DSP,DSP 3.3.3
DSP,DSP 3.4.1
DSP,DSP 3.4.3
DSP,DSP 3.5.1
DSP,DSP 3.5.2
DSP,DSP 3.5.3
DSP,DSP 3.6.1
DSP,DSP 3.6.2
DSP,DSP 3.6.3
DSP,DSP 3.6.4
DSP,DSP 3.6.5A
DSP,DSP 3.6.5B
DSP,DSP 3.6.5C
DSP,DSP 3.6.6
DSP,DSP 3.7.1
DSP,DSP 3.7.2
DSP,DSP 3.7.3
DSP,DSP 4.1.1
DSP,DSP 4.1.2
DSP,DSP 4.1.4
DSP,DSP 4.1.5
DSP,DSP 4.1.7
DSP,DSP 4.2.1
DSP,DSP 4.2.2
DSP,DSP 4.2.3
DSP,DSP 4.3.1
DSP,DSP 4.3.2
DSP,DSP 4.3.5
DSP,DSP 4.3.6
DSP,DSP 4.3.7
DSP,DSP 4.3.8
DSP,DSP 4.3.9
DSP,DSP 4.3.10
DSP,DSP 4.3.11
DSP,DSP 4.3.12
DSP,DSP 4.3.13
DSP,DSP 4.3.14
DSP,DSP 4.3.16
DSP,DSP 4.4.1
DSP,DSP 4.5.1
DSP,DSP 4.5.2
DSP,DSP 4.5.3
DSP,DSP 4.5.4
DSP,DSP 4.5.5
MNT,MNT 1.1.1
MNT,MNT 1.1.2
MNT,MNT 1.1.3
MNT,MNT 1.2.1
MNT,MNT 1.2.2
MNT,MNT 1.2.3
MNT,MNT 1.3.1
MNT,MNT 1.3.2
MNT,MNT 1.3.3
MNT,MNT 1.4.1
MNT,MNT 1.4.2
MNT,MNT 1.4.3
MNT,MNT 1.5.1
MNT,MNT 1.6.3
MNT,MNT 1.7.1
MNT,MNT 1.7.3
MNT,MNT 1.7.6
MNT,MNT 1.7.7
MNT,MNT 1.8.1
MNT,MNT 1.8.2
MNT,MNT 1.9.1
MNT,MNT 1.9.2
MNT,MNT 1.10.1
MNT,MNT 1.10.2
MNT,MNT 1.10.3
MNT,MNT 1.10.4
MNT,MNT 1.10.5
MNT,MNT 1.11.1A
MNT,MNT 1.11.1B
MNT,MNT 1.11.2
MNT,MNT 1.11.5
MNT,MNT 1.11.6
MNT,MNT 1.11.7
MNT,MNT 1.11.8
MNT,MNT 1.11.9
MNT,MNT 1.12.1
MNT,MNT 1.12.2
MNT,MNT 1.12.3
MNT,MNT 1.12.4
MNT,MNT 1.12.5
MNT,MNT 1.12.6
MNT,MNT 1.12.7
MNT,MNT 2.1.1
MNT,MNT 2.1.2
MNT,MNT 2.2.1
MNT,MNT 2.2.2
MNT,MNT 2.3.1
MNT,MNT 2.3.2
MNT,MNT 2.3.3
MNT,MNT 2.4.1
MNT,MNT 2.4.2
MNT,MNT 2.4.3
MNT,MNT 2.5.1
MNT,MNT 2.5.2
MNT,MNT 2.5.3
MNT,MNT 2.6.1
MNT,MNT 2.7.1
MNT,MNT 2.8.2
MNT,MNT 2.9.1
MNT,MNT 2.9.2
MNT,MNT 2.10.1
MNT,MNT 2.11.1
MNT,MNT 2.12.1
MNT,MNT 2.12.2
MNT,MNT 2.12.7
MNT,MNT 3.1.1
MNT,MNT 3.1.2
MNT,MNT 3.1.3
MNT,MNT 3.1.4
MNT,MNT 3.2.1
MNT,MNT 3.2.2
MNT,MNT 3.4.1
MNT,MNT 4.1.1
MNT,MNT 4.1.3
MNT,MNT 4.1.5
MNT,MNT 4.2.1
MNT,MNT 4.2.2
MNT,MNT 4.2.3
MNT,MNT 4.3.1
MNT,MNT 4.3.5
MNT,MNT 4.3.7
MNT,MNT 4.4.1
MNT,MNT 4.4.2
MNT,MNT 4.5.1
MNT,MNT 4.5.4
MNT,MNT 4.5.5
MNT,MNT 4.5.6
MNT,MNT 4.5.7
MNT,MNT 4.6.1
MNT,MNT 4.6.2
MNT,MNT 4.6.3
MNT,MNT 4.6.4
MNT,MNT 4.6.5
MNT,MNT 4.7.1
MNT,MNT 4.7.2
MNT,MNT 4.7.3
MNT,MNT 4.7.4
MNT,MNT 4.7.5
MNT,MNT 4.9.1
MNT,MNT 4.9.2
MNT,MNT 4.9.3
MNT,MNT 4.10.1
MNT,MNT 4.11.1
CAB,CAB 1.1.1
CAB,CAB 1.1.2
CAB,CAB 1.2.1
CAB,CAB 1.2.2
CAB,CAB 1.2.3
CAB,CAB 1.2.4
CAB,CAB 1.2.5
CAB,CAB 1.3.1
CAB,CAB 1.3.2
CAB,CAB 1.4.1
CAB,CAB 1.4.2
CAB,CAB 1.5.3
CAB,CAB 1.6.1
CAB,CAB 1.6.2
CAB,CAB 1.6.3
CAB,CAB 1.6.4
CAB,CAB 1.6.5
CAB,CAB 1.6.6
CAB,CAB 1.6.7
CAB,CAB 1.7.1
CAB,CAB 1.7.2
CAB,CAB 1.9.1
CAB,CAB 1.9.2
CAB,CAB 1.9.3
CAB,CAB 1.9.4
CAB,CAB 1.10.1A
CAB,CAB 1.10.1B
CAB,CAB 1.10.2
CAB,CAB 1.10.3
CAB,CAB 1.10.4
CAB,CAB 1.11.1
CAB,CAB 1.11.2
CAB,CAB 1.11.3
CAB,CAB 1.11.4
CAB,CAB 1.11.5
CAB,CAB 2.1.1A
CAB,CAB 2.1.1B
CAB,CAB 2.1.2
CAB,CAB 2.1.3
CAB,CAB 2.1.4
CAB,CAB 2.1.5
CAB,CAB 2.1.6
CAB,CAB 2.1.7
CAB,CAB 2.1.8
CAB,CAB 2.2.1
CAB,CAB 2.2.2
CAB,CAB 2.2.3
CAB,CAB 2.2.4
CAB,CAB 2.2.5
CAB,CAB 2.2.6
CAB,CAB 2.2.7
CAB,CAB 2.2.8
CAB,CAB 2.2.9
CAB,CAB 2.2.10
CAB,CAB 2.2.11
CAB,CAB 2.2.12
CAB,CAB 2.2.13
CAB,CAB 2.3.1
CAB,CAB 2.3.2
CAB,CAB 2.3.3
CAB,CAB 2.3.4
CAB,CAB 2.4.1
CAB,CAB 2.4.2
CAB,CAB 3.1.1
CAB,CAB 3.1.2
CAB,CAB 3.1.3
CAB,CAB 3.1.4A
CAB,CAB 3.1.4B
CAB,CAB 3.1.4C
CAB,CAB 3.1.5
CAB,CAB 3.1.6
CAB,CAB 3.1.7
CAB,CAB 3.2.1
CAB,CAB 3.2.2
CAB,CAB 3.2.3
CAB,CAB 3.2.4A
CAB,CAB 3.2.4B
CAB,CAB 3.2.5
CAB,CAB 3.2.6
CAB,CAB 3.2.7
CAB,CAB 3.2.8
CAB,CAB 3.2.9
CAB,CAB 3.2.10
CAB,CAB 3.2.12
CAB,CAB 3.3.1
CAB,CAB 3.3.2
CAB,CAB 3.3.3
CAB,CAB 3.3.4
CAB,CAB 3.3.5
CAB,CAB 3.3.7
CAB,CAB 3.4.1
CAB,CAB 3.4.2
CAB,CAB 3.4.4
CAB,CAB 3.4.5
CAB,CAB 3.4.6
CAB,CAB 3.4.8
CAB,CAB 3.4.10
CAB,CAB 3.4.11
CAB,CAB 3.4.12
CAB,CAB 3.4.13
CAB,CAB 3.4.14
CAB,CAB 3.4.15
CAB,CAB 4.1.1
CAB,CAB 4.1.2
CAB,CAB 4.2.1
CAB,CAB 4.2.2
CAB,CAB 4.2.3
GRH,GRH 1.1.1
GRH,GRH 1.1.2
GRH,GRH 1.2.1
GRH,GRH 1.2.2
GRH,GRH 1.3.1
GRH,GRH 1.4.1
GRH,GRH 1.4.2
GRH,GRH 1.5.3
GRH,GRH 1.6.1
GRH,GRH 1.6.2
GRH,GRH 1.6.3
GRH,GRH 1.6.4
GRH,GRH 1.6.5
GRH,GRH 1.6.6
GRH,GRH 1.6.7
GRH,GRH 1.6.8
GRH,GRH 1.6.9
GRH,GRH 1.7.1
GRH,GRH 1.7.2
GRH,GRH 1.9.1
GRH,GRH 1.9.2
GRH,GRH 1.9.3
GRH,GRH 1.9.4
GRH,GRH 1.10.1A
GRH,GRH 1.10.1B
GRH,GRH 1.10.2
GRH,GRH 1.10.3
GRH,GRH 1.10.4
GRH,GRH 1.11.1
GRH,GRH 1.11.2
GRH,GRH 1.11.3
GRH,GRH 1.11.4
GRH,GRH 1.11.5
GRH,GRH 2.1.1
GRH,GRH 2.1.2
GRH,GRH 2.1.3
GRH,GRH 2.1.4
GRH,GRH 2.1.5
GRH,GRH 2.2.1
GRH,GRH 2.2.3
GRH,GRH 2.2.4
GRH,GRH 2.2.5
GRH,GRH 2.2.6
GRH,GRH 2.3.1
GRH,GRH 2.3.2
GRH,GRH 3.1.1A
GRH,GRH 3.1.1B
GRH,GRH 3.1.1C
GRH,GRH 3.1.2
GRH,GRH 3.1.3
GRH,GRH 3.1.5
GRH,GRH 3.1.6
GRH,GRH 3.2.1
GRH,GRH 3.2.2
GRH,GRH 3.2.3
GRH,GRH 3.2.5
GRH,GRH 3.2.6A
GRH,GRH 3.2.6B
GRH,GRH 3.2.7
GRH,GRH 3.2.8
GRH,GRH 3.2.9
GRH,GRH 3.2.10
GRH,GRH 3.3.1
GRH,GRH 3.3.2
GRH,GRH 3.3.3
GRH,GRH 3.3.4
GRH,GRH 3.3.5
GRH,GRH 3.3.6
GRH,GRH 3.3.7
GRH,GRH 3.3.8
GRH,GRH 3.4.1
GRH,GRH 3.4.2
GRH,GRH 3.4.3
GRH,GRH 3.4.4
GRH,GRH 3.4.5
GRH,GRH 3.4.6
GRH,GRH 3.4.8
GRH,GRH 3.4.10
GRH,GRH 3.4.11
GRH,GRH 3.4.12
GRH,GRH 3.4.13
GRH,GRH 3.4.14
GRH,GRH 3.4.15
GRH,GRH 3.4.16
GRH,GRH 3.4.17
GRH,GRH 3.5.1
GRH,GRH 3.5.2
GRH,GRH 3.5.3
GRH,GRH 3.6.1
GRH,GRH 3.6.2
GRH,GRH 3.6.3
GRH,GRH 3.6.4
GRH,GRH 3.6.5
GRH,GRH 3.7.1
GRH,GRH 3.7.2
GRH,GRH 3.7.3
GRH,GRH 3.7.4
GRH,GRH 3.7.5
GRH,GRH 3.7.6
GRH,GRH 3.7.7
GRH,GRH 3.7.8
GRH,GRH 3.7.9
GRH,GRH 3.7.10
GRH,GRH 3.7.11
GRH,GRH 4.1.1
GRH,GRH 4.1.2
GRH,GRH 4.1.3
GRH,GRH 4.1.4
GRH,GRH 4.1.5
GRH,GRH 4.1.6
GRH,GRH 4.1.7
GRH,GRH 4.2.1
GRH,GRH 4.2.2
GRH,GRH 4.2.3
GRH,GRH 4.2.4
GRH,GRH 4.2.5
CGO,CGO 1.1.1
CGO,CGO 1.1.2
CGO,CGO 1.2.1
CGO,CGO 1.2.2
CGO,CGO 1.3.1
CGO,CGO 1.4.1
CGO,CGO 1.4.2
CGO,CGO 1.5.3
CGO,CGO 1.6.1
CGO,CGO 1.6.2
CGO,CGO 1.6.3
CGO,CGO 1.6.4
CGO,CGO 1.7.1
CGO,CGO 1.7.2
CGO,CGO 1.9.1
CGO,CGO 1.9.2
CGO,CGO 1.9.3
CGO,CGO 1.9.4
CGO,CGO 1.10.1A
CGO,CGO 1.10.1B
CGO,CGO 1.10.2
CGO,CGO 1.10.3
CGO,CGO 1.11.1
CGO,CGO 1.11.2
CGO,CGO 1.11.3
CGO,CGO 1.11.4
CGO,CGO 1.11.5
CGO,CGO 2.1.1
CGO,CGO 2.1.2
CGO,CGO 2.1.4
CGO,CGO 2.1.5
CGO,CGO 2.1.6
CGO,CGO 2.2.1
CGO,CGO 2.2.2
CGO,CGO 2.2.3
CGO,CGO 2.2.4
CGO,CGO 2.2.5
CGO,CGO 2.3.1
CGO,CGO 2.3.2
CGO,CGO 3.1.1
CGO,CGO 3.1.3
CGO,CGO 3.1.4
CGO,CGO 3.2.1
CGO,CGO 3.2.2
CGO,CGO 3.2.3
CGO,CGO 3.2.4
CGO,CGO 3.2.5
CGO,CGO 3.2.6
CGO,CGO 3.2.8
CGO,CGO 3.2.9
CGO,CGO 3.2.10
CGO,CGO 3.2.11
CGO,CGO 3.2.12
CGO,CGO 3.2.13
CGO,CGO 3.2.14
CGO,CGO 3.2.17
CGO,CGO 3.2.18
CGO,CGO 3.3.1
CGO,CGO 3.3.2
CGO,CGO 3.3.3
CGO,CGO 3.3.4
CGO,CGO 3.3.5
CGO,CGO 3.4.1
CGO,CGO 3.4.2
CGO,CGO 3.5.1
CGO,CGO 3.5.2
CGO,CGO 3.5.3
CGO,CGO 3.6.1
CGO,CGO 3.7.1
CGO,CGO 3.7.2
CGO,CGO 3.7.4
CGO,CGO 3.7.6
CGO,CGO 3.7.7
SEC,SEC 1.1.1
SEC,SEC 1.1.2
SEC,SEC 1.1.3
SEC,SEC 1.2.1
SEC,SEC 1.3.1
SEC,SEC 1.3.2
SEC,SEC 1.3.3
SEC,SEC 1.4.1
SEC,SEC 1.5.2
SEC,SEC 1.5.3
SEC,SEC 1.6.3
SEC,SEC 1.6.4
SEC,SEC 1.8.1
SEC,SEC 1.8.2
SEC,SEC 1.9.1
SEC,SEC 1.9.2
SEC,SEC 1.10.1
SEC,SEC 1.10.2
SEC,SEC 1.10.3A
SEC,SEC 1.10.3B
SEC,SEC 1.10.5
SEC,SEC 1.10.6
SEC,SEC 1.11.1A
SEC,SEC 1.11.1B
SEC,SEC 1.11.2
SEC,SEC 1.11.3
SEC,SEC 1.11.4
SEC,SEC 1.12.1
SEC,SEC 1.12.2
SEC,SEC 2.1.1
SEC,SEC 2.1.2
SEC,SEC 2.1.4
SEC,SEC 2.1.5
SEC,SEC 2.1.6
SEC,SEC 2.1.7
SEC,SEC 2.1.8
SEC,SEC 3.1.1
SEC,SEC 3.1.2
SEC,SEC 3.1.3
SEC,SEC 3.3.1
SEC,SEC 3.3.3
SEC,SEC 3.4.1
SEC,SEC 3.4.3
SEC,SEC 3.4.4
SEC,SEC 3.4.5
SEC,SEC 3.4.6
SEC,SEC 3.4.7
SEC,SEC 3.5.1
SEC,SEC 3.6.1
SEC,SEC 3.6.2
SEC,SEC 3.6.6
SEC,SEC 3.7.1
SEC,SEC 3.8.1
SEC,SEC 3.9.2
SEC,SEC 4.1.1
SEC,SEC 4.1.2
SEC,SEC 4.1.3
SEC,SEC 4.2.1
SEC,SEC 4.3.1
SEC,SEC 4.3.2
SEC,SEC 4.3.3
,
,
,
,
,
,
,
,
,
,
,
,
,
,
,
,
,
,
,
,
,
,
,
,
,
,
,
,
,
,
,
,
,
,
,
,
,
,
,
,
,
,
,
,
,
,
,
,
,
,
,
,
,
,
,
,
,
,
,
,
,
,
,
,
,
,
,
,
,
,
,
,
,
,
,
,
,
,
,
,
,
,
,
,
,
,
,
,
,
,
,
,
,
,
,
,
,
,
,
,
,
,
,
,
,
,
,
,
,
,
,
,
,
,
,
,
,
,
,
,
,
,
,
,
,
,
,
,
,
,
,
,
,
,
,
